postal_code,fsa,LDU,community
T9J 1A1,T9J,1A1,Abasand Heights
T9J 1A3,T9J,1A3,Abasand Heights
T9J 1A4,T9J,1A4,Abasand Heights
T9J 1A5,T9J,1A5,Abasand Heights
T9J 1A6,T9J,1A6,Abasand Heights
T9J 1A7,T9J,1A7,Abasand Heights
T9J 1A8,T9J,1A8,Abasand Heights
T9J 1A9,T9J,1A9,Abasand Heights
T9J 1B1,T9J,1B1,Abasand Heights
T9J 1B2,T9J,1B2,Abasand Heights
T9J 1B4,T9J,1B4,Abasand Heights
T9J 1B5,T9J,1B5,Abasand Heights
T9J 1B6,T9J,1B6,Abasand Heights
T9J 1B7,T9J,1B7,Abasand Heights
T9J 1B8,T9J,1B8,Abasand Heights
T9J 1B9,T9J,1B9,Abasand Heights
T9J 1C1,T9J,1C1,Abasand Heights
T9J 1C2,T9J,1C2,Abasand Heights
T9J 1C3,T9J,1C3,Abasand Heights
T9J 1C4,T9J,1C4,Abasand Heights
T9J 1C5,T9J,1C5,Abasand Heights
T9J 1C6,T9J,1C6,Abasand Heights
T9J 1C7,T9J,1C7,Abasand Heights
T9J 1C8,T9J,1C8,Abasand Heights
T9J 1C9,T9J,1C9,Abasand Heights
T9J 1E1,T9J,1E1,Abasand Heights
T9J 1E2,T9J,1E2,Abasand Heights
T9J 1E3,T9J,1E3,Abasand Heights
T9J 1E4,T9J,1E4,Abasand Heights
T9J 1E5,T9J,1E5,Abasand Heights
T9J 1E6,T9J,1E6,Abasand Heights
T9J 1E7,T9J,1E7,Abasand Heights
T9J 1E8,T9J,1E8,Abasand Heights
T9J 1E9,T9J,1E9,Abasand Heights
T9J 1G1,T9J,1G1,Abasand Heights
T9J 1G2,T9J,1G2,Abasand Heights
T9J 1G3,T9J,1G3,Abasand Heights
T9J 1G4,T9J,1G4,Abasand Heights
T9J 1G5,T9J,1G5,Abasand Heights
T9J 1G6,T9J,1G6,Abasand Heights
T9J 1G7,T9J,1G7,Abasand Heights
T9J 1G8,T9J,1G8,Abasand Heights
T9J 1G9,T9J,1G9,Abasand Heights
T9J 1H1,T9J,1H1,Abasand Heights
T9J 1H2,T9J,1H2,Abasand Heights
T9J 1H4,T9J,1H4,Abasand Heights
T9J 1H6,T9J,1H6,Abasand Heights
T9J 1H7,T9J,1H7,Abasand Heights
T9J 1H8,T9J,1H8,Abasand Heights
T9J 1J2,T9J,1J2,Abasand Heights
T9J 1J3,T9J,1J3,Abasand Heights
T9J 1J4,T9J,1J4,Abasand Heights
T9J 1J5,T9J,1J5,Abasand Heights
T9J 1J6,T9J,1J6,Abasand Heights
T9J 1J7,T9J,1J7,Abasand Heights
T9J 1J8,T9J,1J8,Abasand Heights
T9J 1L5,T9J,1L5,Abasand Heights
T9J 1L8,T9J,1L8,Abasand Heights
T9J 1L9,T9J,1L9,Abasand Heights
T9J 1M1,T9J,1M1,Abasand Heights
T9J 1M2,T9J,1M2,Abasand Heights
T9H 2P3,T9H,2P3,Beacon Hill
T9H 2P4,T9H,2P4,Beacon Hill
T9H 2P5,T9H,2P5,Beacon Hill
T9H 2P6,T9H,2P6,Beacon Hill
T9H 2P7,T9H,2P7,Beacon Hill
T9H 2P8,T9H,2P8,Beacon Hill
T9H 2P9,T9H,2P9,Beacon Hill
T9H 2R1,T9H,2R1,Beacon Hill
T9H 2R2,T9H,2R2,Beacon Hill
T9H 2R3,T9H,2R3,Beacon Hill
T9H 2R4,T9H,2R4,Beacon Hill
T9H 2R5,T9H,2R5,Beacon Hill
T9H 2R6,T9H,2R6,Beacon Hill
T9H 2R7,T9H,2R7,Beacon Hill
T9H 2R8,T9H,2R8,Beacon Hill
T9H 2R9,T9H,2R9,Beacon Hill
T9H 2S1,T9H,2S1,Beacon Hill
T9H 2S2,T9H,2S2,Beacon Hill
T9H 2S3,T9H,2S3,Beacon Hill
T9H 2S4,T9H,2S4,Beacon Hill
T9H 2S5,T9H,2S5,Beacon Hill
T9H 2S6,T9H,2S6,Beacon Hill
T9H 2S7,T9H,2S7,Beacon Hill
T9H 2S8,T9H,2S8,Beacon Hill
T9H 2S9,T9H,2S9,Beacon Hill
T9H 2T1,T9H,2T1,Beacon Hill
T9H 2T2,T9H,2T2,Beacon Hill
T9H 2T3,T9H,2T3,Beacon Hill
T9H 2T4,T9H,2T4,Beacon Hill
T9H 2T5,T9H,2T5,Beacon Hill
T9H 2T6,T9H,2T6,Beacon Hill
T9H 2T7,T9H,2T7,Beacon Hill
T9H 2T8,T9H,2T8,Beacon Hill
T9H 2T9,T9H,2T9,Beacon Hill
T9H 2V1,T9H,2V1,Beacon Hill
T9H 2V2,T9H,2V2,Beacon Hill
T9H 2V3,T9H,2V3,Beacon Hill
T9H 2V4,T9H,2V4,Beacon Hill
T9H 2V5,T9H,2V5,Beacon Hill
T9H 2V6,T9H,2V6,Beacon Hill
T9H 2V7,T9H,2V7,Beacon Hill
T9H 2V8,T9H,2V8,Beacon Hill
T9H 3N4,T9H,3N4,Beacon Hill
T9H 3R4,T9H,3R4,Beacon Hill
T9H 3R5,T9H,3R5,Beacon Hill
T9H 5B4,T9H,5B4,Saprae Creek
T9H 1B1,T9H,1B1,Waterways
T9H 1B2,T9H,1B2,Waterways
T9H 1B3,T9H,1B3,Waterways
T9H 1B4,T9H,1B4,Waterways
T9H 1B5,T9H,1B5,Waterways
T9H 1B6,T9H,1B6,Waterways
T9H 1B7,T9H,1B7,Waterways
T9H 1B8,T9H,1B8,Waterways
T9H 1B9,T9H,1B9,Waterways
T9H 1C1,T9H,1C1,Waterways
T9H 1C2,T9H,1C2,Waterways
T9H 1C3,T9H,1C3,Waterways
T9H 1C4,T9H,1C4,Waterways
T9H 1C5,T9H,1C5,Waterways
T9H 1A1,T9H,1A1,Waterways
T9H 1A2,T9H,1A2,Waterways
T9H 1A3,T9H,1A3,Waterways
T9H 1A4,T9H,1A4,Waterways
T9H 1A5,T9H,1A5,Waterways
T9H 1A6,T9H,1A6,Waterways
T9H 1A7,T9H,1A7,Waterways
T9H 1A8,T9H,1A8,Waterways
T9H 1A9,T9H,1A9,Waterways
T9H 1C7,T9H,1C7,Waterways
T9H 1G2,T9H,1G2,Waterways
T9H 1G3,T9H,1G3,Waterways
T9H 1G4,T9H,1G4,Waterways
T9H 1G6,T9H,1G6,Waterways
T9H 3H1,T9H,3H1,Waterways
T9H 4S1,T9H,4S1,Waterways
T9H 4S3,T9H,4S3,Waterways
T9H 4S4,T9H,4S4,Waterways
T9H 4S5,T9H,4S5,Waterways
T9H 5J6,T9H,5J6,Waterways
T9H 5J7,T9H,5J7,Waterways
T9H 1G1,T9H,1G1,Waterways
T9H 1G5,T9H,1G5,Waterways
T9H 4R9,T9H,4R9,Waterways
T9H 4S2,T9H,4S2,Waterways
T9H 5J9,T9H,5J9,Wood Buffalo
T9H 5K2,T9H,5K2,Wood Buffalo
T9H 5K8,T9H,5K8,Wood Buffalo
T9H 5K9,T9H,5K9,Wood Buffalo
T9H 5L8,T9H,5L8,Wood Buffalo
T9H 5L9,T9H,5L9,Wood Buffalo
T9H 5N6,T9H,5N6,Wood Buffalo
T9H 5P9,T9H,5P9,Wood Buffalo
T9H 5R1,T9H,5R1,Wood Buffalo
T9H 5R2,T9H,5R2,Wood Buffalo
T9H 5R4,T9H,5R4,Wood Buffalo
T9H 5R7,T9H,5R7,Wood Buffalo
T9H 5G6,T9H,5G6,Wood Buffalo
T9H 5G7,T9H,5G7,Wood Buffalo
T9H 5G8,T9H,5G8,Wood Buffalo
T9H 5G9,T9H,5G9,Wood Buffalo
T9H 5H1,T9H,5H1,Wood Buffalo
T9H 5H2,T9H,5H2,Wood Buffalo
T9H 5H3,T9H,5H3,Wood Buffalo
T9H 5H7,T9H,5H7,Wood Buffalo
T9H 5H8,T9H,5H8,Wood Buffalo
T9H 5H9,T9H,5H9,Wood Buffalo
T9H 5J4,T9H,5J4,Wood Buffalo
T9H 5J5,T9H,5J5,Wood Buffalo
T9K 1W5,T9K,1W5,Wood Buffalo
